{
  "name": "doctorview",
  "version": "0.1.0",
  "private": true,
  "dependencies": {
    "23andme": "^1.1.0",
    "@cometchat-pro/chat": "^2.0.0-beta8",
    "@dangerfarms/lightbox-react": "^1.0.3",
    "@material-ui/core": "^4.0.0",
    "@material-ui/icons": "^3.0.2",
    "antd": "^3.20.5",
    "axios": "^0.19.0",
    "bootstrap": "^4.3.1",
    "create-react-class": "^15.6.3",
    "dwv": "0.26.0",
    "google-maps-react": "^2.0.2",
    "highcharts": "^7.1.2",
    "highcharts-react-official": "^2.2.2",
    "immutability-helper": "^3.0.1",
    "jquery": "^3.4.1",
    "lightbox-react": "^0.3.7",
    "moment": "^2.24.0",
    "node-sass": "^4.13.1",
    "query-string": "^6.8.2",
    "react": "^16.8.6",
    "react-calendar": "^2.19.0",
    "react-confirm-alert": "^2.4.1",
    "react-dom": "^16.8.6",
    "react-flags-select": "^1.1.12",
    "react-geocode": "^0.1.2",
    "react-lightbox-component": "^1.2.1",
    "react-moment": "^0.9.2",
    "react-redux": "^7.1.0",
    "react-router-dom": "^5.0.1",
    "react-scripts": "3.0.1",
    "react-select": "^3.0.4",
    "react-slick": "^0.25.2",
    "react-stripe-checkout": "^2.6.3",
    "react-tooltip": "^3.10.0",
    "react-vertical-timeline-component": "^2.3.1",
    "reactstrap": "^8.0.0",
    "redux": "^4.0.1",
    "redux-localstorage-simple": "^2.1.6",
    "redux-state-sync": "^2.0.3",
    "redux-thunk": "^2.3.0"
  },
  "scripts": {
    "start": "react-scripts start",
    "build": "react-scripts build",
    "test": "react-scripts test",
    "eject": "react-scripts eject"
  },
  "eslintConfig": {
    "extends": "react-app"
  },
  "browserslist": {
    "production": [
      ">0.2%",
      "not op_mini all"
    ],
    "development": [
      "last 1 chrome version",
      "last 1 firefox version",
      "last 1 safari version"
    ]
  },
  "devDependencies": {
    "@babel/types": "^7.6.1"
  }
}
